θ,k,x,y,f,||∇f||,α,Nf,N∇f
0.1,4,2.0,1.0000000732421874,5.364418018960482e-15,1.1718749999944933e-05,0.5062500000000001,25,21
0.3,12,2.0,1.0000000675562617,4.563848494318957e-15,1.3511252343612057e-06,0.44999999999999996,45,33
0.5,1,2.0,1.0,0.0,6.0,0.5,3,2
0.7,18,2.0,1.00000020615843,4.2501298303343115e-14,1.0307921509689066e-06,0.7,37,19
